<?xml version="1.0" encoding="UTF-8"?><objectListWrapper>
  <objects>
    <objectContainer>
      <project>
        <name>[un-wellsfargo-locations v1.0] Assignment BP</name>
        <description/>
        <author>admin</author>
        <runs>
          <run>
            <campaign>
              <active>true</active>
              <businessRules/>
              <campaignMaps>
                <campaignMap>
                  <activateTracking>false</activateTracking>
                  <businessRule>
                    <content># Rule.Definition={"approveAllRule":false,"splitData":false,"splitRule":false,"splitRuleSuffix":"","joinRule":false,"joinRuleSuffix":"","streamingRule":false,"streamingRuleSuffix":"","namedRule":false,"namedRuleName":""}
package com.freedomoss.requester;

# list any import classes here.
import java.util.Map;
import java.util.ArrayList;
import com.freedomoss.objective.model.CompositeRuleContext;
import com.freedomoss.objective.model.CompositeRuleDataItemContext;
import org.slf4j.Logger;


# declare any global variables here
global CompositeRuleContext source
global Logger log
global Map params


rule "Rule context initialization"
auto-focus true
no-loop
agenda-group "initialization-group"
    when
        $ctx:CompositeRuleContext(initialized == false);
    then
        # insert processed facts into memory
        $ctx.updateWorkingMemory();
        # move to business rules
        kcontext.getKnowledgeRuntime().getAgenda().getAgendaGroup("calculation").setFocus();
end

# RuleOutcome.Definition={"outcomeId":"sendmail","conditional":true,"anableLogging":false,"renameAutomationAnswerItem":false,"conditions":[{"fieldName":"sendmail","value":"true","operator":"EQ"}],"customConditions":[]}
rule "1. Send records to 'sendmail' when sendmail EQ 'true'"
agenda-group "calculation"
dialect "mvel"
salience 100
    when
        $ctx:CompositeRuleContext(initialized == true);
        $item:CompositeRuleDataItemContext();
        eval($item.checkValue("sendmail", "EQ", "true"));

    then
        $ctx.sendResultTo("sendmail", $item);
end

# RuleOutcome.Definition={"outcomeId":"outcome1","conditional":true,"anableLogging":false,"renameAutomationAnswerItem":false,"conditions":[{"fieldName":"sendmail","value":"true","operator":"NE"}],"customConditions":[]}
rule "2. Send records to 'outcome1' when sendmail NE 'true'"
agenda-group "calculation"
dialect "mvel"
salience 100
    when
        $ctx:CompositeRuleContext(initialized == true);
        $item:CompositeRuleDataItemContext();
        eval($item.checkValue("sendmail", "NE", "true"));

    then
        $ctx.sendResultTo("outcome1", $item);
end



rule "Send unprocessed result to unconditional outcome(s)"
agenda-group "calculation"
dialect "mvel"
salience 80
    when
        $ctx:CompositeRuleContext(initialized == true);
        $item:CompositeRuleDataItemContext();
    then
        $ctx.sendResultToUnconditionalOutcomes($item, true);
end</content>
                    <name>Decision Rule</name>
                    <ruleType>WORKFLOW_RULE</ruleType>
                    <ruleTypeUI>Composite</ruleTypeUI>
                    <uuid>0fc0c409-871a-4422-b5f1-5c3f55d6db27</uuid>
                    <workflowRuleMode>SIMPLE</workflowRuleMode>
                  </businessRule>
                  <campaign>
                    <active>true</active>
                    <businessRules/>
                    <campaignMaps/>
                    <campaigns/>
                    <createNewTrainingSet>false</createNewTrainingSet>
                    <executingType>MACHINE</executingType>
                    <includeOriginalData>false</includeOriginalData>
                    <machineConfig>
                      <answers/>
                      <content>&lt;?xml version="1.0" encoding="UTF-8"?&gt;
&lt;config xmlns="http://web-harvest.sourceforge.net/schema/1.0/config" scriptlang="groovy"&gt;

    &lt;robotics-flow-marker fleet="shared" /&gt;

    &lt;script&gt;&lt;![CDATA[
        import com.workfusion.odf2.core.Odf
        import com.wellsfargo.task.ScrapLocationDetailsTask
        // after imports

        // before odf builder
        def odf = Odf.builder()
            .withInput(__taskInputMap.getWrappedObject())
            .withBinding(binding)
            
            // after modules
            .build()

        // after odf builder

        result = odf.runTask(ScrapLocationDetailsTask)

        // after runTask

        rows = result.getRows()
        columns = result.getColumns()

        // after all
    ]]&gt;&lt;/script&gt;

    &lt;case&gt;
        &lt;if condition="${result.isPresent()}"&gt;
            &lt;export include-original-data="false"&gt;
                &lt;multi-column list="${rows}" split-results="${rows.size() &gt; 1}"&gt;
                    &lt;loop item="columnName"&gt;
                        &lt;list&gt;
                            &lt;script return="columns"/&gt;
                        &lt;/list&gt;
                        &lt;body&gt;
                            &lt;put-to-column-getter name="${columnName}" property="${columnName}"/&gt;
                        &lt;/body&gt;
                    &lt;/loop&gt;
                &lt;/multi-column&gt;
            &lt;/export&gt;
        &lt;/if&gt;
    &lt;/case&gt;
&lt;/config&gt;</content>
                      <gavc>com.wellsfargo:scrape-wellsfargo-locations-bcb:1.0:main:scrap-location-details</gavc>
                      <includedConfigs/>
                      <inclusionCode>com.wellsfargo:scrape-wellsfargo-locations-bcb:1.0:main:scrap-location-details</inclusionCode>
                      <machineWorkSetting>
                        <category>
                          <automation>false</automation>
                          <description/>
                          <enabled>true</enabled>
                          <executingType>MACHINE</executingType>
                          <name>Other</name>
                          <private>false</private>
                          <publicId>dd92f240-144b-4fef-8476-4ec0acbc1105</publicId>
                        </category>
                        <contentType>BLANK</contentType>
                        <description/>
                        <enabled>true</enabled>
                        <name>Miscellaneous Tasks</name>
                        <publicId>26e6e095-00bb-43fa-8c34-af0b18e71ac9</publicId>
                        <version>
                          <lastModified>2017-08-21T12:22:51Z</lastModified>
                          <componentUuid>26e6e095-00bb-43fa-8c34-af0b18e71ac9</componentUuid>
                          <incrementalVersion>1.0</incrementalVersion>
                          <lastInChain>true</lastInChain>
                          <versionUuid>26e6e095-00bb-43fa-8c34-af0b18e71ac9</versionUuid>
                        </version>
                        <answers/>
                        <machineWorkSettingType>BASIC</machineWorkSettingType>
                        <template>
                          <content>&lt;?xml version="1.0" encoding="UTF-8"?&gt;
&lt;config charset="UTF-8"&gt;
	&lt;export include-original-data="true"&gt;
	&lt;/export&gt;
&lt;/config&gt;</content>
                          <name>Blank</name>
                          <origination>CREATED_MANUALLY</origination>
                          <status>ACTIVE</status>
                          <type>BASE_MACHINE</type>
                          <uuid>8f04bd99-7f51-4796-a528-d1a7c9ccfbc4</uuid>
                          <version>
                            <lastModified>2012-12-27T00:00:00Z</lastModified>
                            <componentUuid>8f04bd99-7f51-4796-a528-d1a7c9ccfbc4</componentUuid>
                            <incrementalVersion>1.0</incrementalVersion>
                            <lastInChain>false</lastInChain>
                            <versionUuid>8f04bd99-7f51-4796-a528-d1a7c9ccfbc4</versionUuid>
                          </version>
                        </template>
                      </machineWorkSetting>
                      <machineWorkSettingType>BASIC</machineWorkSettingType>
                      <name>scrape-wellsfargo-locations-bcb v1.0 (scrap-location-details)</name>
                      <machineConfigOptions/>
                      <sourceType>BUNDLE</sourceType>
                      <template>
                        <content>&lt;?xml version="1.0" encoding="UTF-8"?&gt;
&lt;config charset="UTF-8"&gt;
	&lt;export include-original-data="true"&gt;
	&lt;/export&gt;
&lt;/config&gt;</content>
                        <name>Blank</name>
                        <origination>CREATED_MANUALLY</origination>
                        <status>ACTIVE</status>
                        <type>BASE_MACHINE</type>
                        <uuid>8f04bd99-7f51-4796-a528-d1a7c9ccfbc4</uuid>
                        <version>
                          <lastModified>2012-12-27T00:00:00Z</lastModified>
                          <componentUuid>8f04bd99-7f51-4796-a528-d1a7c9ccfbc4</componentUuid>
                          <incrementalVersion>1.0</incrementalVersion>
                          <lastInChain>false</lastInChain>
                          <versionUuid>8f04bd99-7f51-4796-a528-d1a7c9ccfbc4</versionUuid>
                        </version>
                      </template>
                      <uuid>2f2a7bef-a735-46cf-83da-12388dd0442f</uuid>
                      <version>
                        <lastModified>2023-03-15T20:09:11.757Z</lastModified>
                        <componentUuid>85f4a117-778d-446a-a329-93259757b85a</componentUuid>
                        <incrementalVersion>1.0</incrementalVersion>
                        <lastInChain>true</lastInChain>
                        <versionUuid>f1bb32b5-e54b-41cd-930d-81c695d4f3a6</versionUuid>
                      </version>
                    </machineConfig>
                    <origination>CREATED_AUTOMATICALLY</origination>
                    <status>ACTIVE</status>
                    <title>scrape-wellsfargo-locations-bcb v1.0 (scrap-location-details)</title>
                    <type>SINGLE</type>
                    <uuid>9bcf6962-6795-4124-9213-22674ace0206</uuid>
                    <validWorkflow>false</validWorkflow>
                    <version>
                      <lastModified>2023-03-15T20:09:11.777Z</lastModified>
                      <componentUuid>f4fac4a1-5ac2-40fc-a7e7-f40efda9d4a4</componentUuid>
                      <incrementalVersion>1.0</incrementalVersion>
                      <lastInChain>true</lastInChain>
                      <versionUuid>57715c9c-3bf9-494e-98e1-9c543e7aa1cd</versionUuid>
                    </version>
                    <workSettingBase>false</workSettingBase>
                    <streamComplexRunThreshold>1</streamComplexRunThreshold>
                    <streamTimeInterval>Immediately</streamTimeInterval>
                    <streamTimeIntervalValue>0</streamTimeIntervalValue>
                    <streamValueType>Tasks</streamValueType>
                    <requiresData>true</requiresData>
                  </campaign>
                  <deleted>false</deleted>
                  <lastModifiedAudit>
                    <lastModified>2023-03-21T20:44:31.577Z</lastModified>
                  </lastModifiedAudit>
                  <skipForSTPCalculation>false</skipForSTPCalculation>
                  <stepIndex>1</stepIndex>
                  <stepPosition>START</stepPosition>
                  <streamed>false</streamed>
                  <uuid>686f1f78-8aa1-40d6-9738-5c212383d02a</uuid>
                </campaignMap>
                <campaignMap>
                  <activateTracking>false</activateTracking>
                  <businessRule>
                    <content>#RuleContext.APPROVE_ALL_RULE</content>
                    <name>Approve All</name>
                    <ruleType>WORKFLOW_RULE</ruleType>
                    <ruleTypeUI>Composite</ruleTypeUI>
                    <uuid>00809924-8e43-4c86-c191-20701a6687b8</uuid>
                    <workflowRuleMode>SIMPLE</workflowRuleMode>
                  </businessRule>
                  <campaign>
                    <active>true</active>
                    <businessRules/>
                    <campaignMaps/>
                    <campaigns/>
                    <createNewTrainingSet>false</createNewTrainingSet>
                    <executingType>MACHINE</executingType>
                    <includeOriginalData>false</includeOriginalData>
                    <machineConfig>
                      <answers/>
                      <content>&lt;?xml version="1.0" encoding="UTF-8"?&gt;
&lt;config xmlns="http://web-harvest.sourceforge.net/schema/1.0/config" scriptlang="groovy"&gt;

    

    &lt;script&gt;&lt;![CDATA[
        import com.workfusion.odf2.core.Odf
        import com.wellsfargo.task.SendEmailTask
        import com.workfusion.odf2.service.ControlTowerServicesModule
        import com.wellsfargo.module.ServiceModule
        // after imports

        // before odf builder
        def odf = Odf.builder()
            .withInput(__taskInputMap.getWrappedObject())
            .withBinding(binding)
            .withModules(ControlTowerServicesModule)
.withModules(ServiceModule)
            // after modules
            .build()

        // after odf builder

        result = odf.runTask(SendEmailTask)

        // after runTask

        rows = result.getRows()
        columns = result.getColumns()

        // after all
    ]]&gt;&lt;/script&gt;

    &lt;case&gt;
        &lt;if condition="${result.isPresent()}"&gt;
            &lt;export include-original-data="false"&gt;
                &lt;multi-column list="${rows}" split-results="${rows.size() &gt; 1}"&gt;
                    &lt;loop item="columnName"&gt;
                        &lt;list&gt;
                            &lt;script return="columns"/&gt;
                        &lt;/list&gt;
                        &lt;body&gt;
                            &lt;put-to-column-getter name="${columnName}" property="${columnName}"/&gt;
                        &lt;/body&gt;
                    &lt;/loop&gt;
                &lt;/multi-column&gt;
            &lt;/export&gt;
        &lt;/if&gt;
    &lt;/case&gt;
&lt;/config&gt;</content>
                      <gavc>com.wellsfargo:scrape-wellsfargo-locations-bcb:1.0:main:send-email</gavc>
                      <includedConfigs/>
                      <inclusionCode>com.wellsfargo:scrape-wellsfargo-locations-bcb:1.0:main:send-email</inclusionCode>
                      <machineWorkSetting>
                        <category>
                          <automation>false</automation>
                          <description/>
                          <enabled>true</enabled>
                          <executingType>MACHINE</executingType>
                          <name>Other</name>
                          <private>false</private>
                          <publicId>dd92f240-144b-4fef-8476-4ec0acbc1105</publicId>
                        </category>
                        <contentType>BLANK</contentType>
                        <description/>
                        <enabled>true</enabled>
                        <name>Miscellaneous Tasks</name>
                        <publicId>26e6e095-00bb-43fa-8c34-af0b18e71ac9</publicId>
                        <version>
                          <lastModified>2017-08-21T12:22:51Z</lastModified>
                          <componentUuid>26e6e095-00bb-43fa-8c34-af0b18e71ac9</componentUuid>
                          <incrementalVersion>1.0</incrementalVersion>
                          <lastInChain>true</lastInChain>
                          <versionUuid>26e6e095-00bb-43fa-8c34-af0b18e71ac9</versionUuid>
                        </version>
                        <answers/>
                        <machineWorkSettingType>BASIC</machineWorkSettingType>
                        <template>
                          <content>&lt;?xml version="1.0" encoding="UTF-8"?&gt;
&lt;config charset="UTF-8"&gt;
	&lt;export include-original-data="true"&gt;
	&lt;/export&gt;
&lt;/config&gt;</content>
                          <name>Blank</name>
                          <origination>CREATED_MANUALLY</origination>
                          <status>ACTIVE</status>
                          <type>BASE_MACHINE</type>
                          <uuid>8f04bd99-7f51-4796-a528-d1a7c9ccfbc4</uuid>
                          <version>
                            <lastModified>2012-12-27T00:00:00Z</lastModified>
                            <componentUuid>8f04bd99-7f51-4796-a528-d1a7c9ccfbc4</componentUuid>
                            <incrementalVersion>1.0</incrementalVersion>
                            <lastInChain>false</lastInChain>
                            <versionUuid>8f04bd99-7f51-4796-a528-d1a7c9ccfbc4</versionUuid>
                          </version>
                        </template>
                      </machineWorkSetting>
                      <machineWorkSettingType>BASIC</machineWorkSettingType>
                      <name>scrape-wellsfargo-locations-bcb v1.0 (send-email)</name>
                      <machineConfigOptions/>
                      <sourceType>BUNDLE</sourceType>
                      <template>
                        <content>&lt;?xml version="1.0" encoding="UTF-8"?&gt;
&lt;config charset="UTF-8"&gt;
	&lt;export include-original-data="true"&gt;
	&lt;/export&gt;
&lt;/config&gt;</content>
                        <name>Blank</name>
                        <origination>CREATED_MANUALLY</origination>
                        <status>ACTIVE</status>
                        <type>BASE_MACHINE</type>
                        <uuid>8f04bd99-7f51-4796-a528-d1a7c9ccfbc4</uuid>
                        <version>
                          <lastModified>2012-12-27T00:00:00Z</lastModified>
                          <componentUuid>8f04bd99-7f51-4796-a528-d1a7c9ccfbc4</componentUuid>
                          <incrementalVersion>1.0</incrementalVersion>
                          <lastInChain>false</lastInChain>
                          <versionUuid>8f04bd99-7f51-4796-a528-d1a7c9ccfbc4</versionUuid>
                        </version>
                      </template>
                      <uuid>19601ab1-c61d-4b0a-b6e9-967cf1732163</uuid>
                      <version>
                        <lastModified>2023-03-15T20:09:11.807Z</lastModified>
                        <componentUuid>6b47b4b6-fe63-4ef6-b635-a131f4f0c91f</componentUuid>
                        <incrementalVersion>1.0</incrementalVersion>
                        <lastInChain>true</lastInChain>
                        <versionUuid>7f3c9ea1-c865-4128-a552-46d4d46e39dc</versionUuid>
                      </version>
                    </machineConfig>
                    <origination>CREATED_AUTOMATICALLY</origination>
                    <status>ACTIVE</status>
                    <title>scrape-wellsfargo-locations-bcb v1.0 (send-email)</title>
                    <type>SINGLE</type>
                    <uuid>944871a9-fdae-4853-b189-a54f03e0c8a6</uuid>
                    <validWorkflow>false</validWorkflow>
                    <version>
                      <lastModified>2023-03-15T20:09:11.807Z</lastModified>
                      <componentUuid>8368acb4-c63f-4bd7-82e4-f884c439c8d0</componentUuid>
                      <incrementalVersion>1.0</incrementalVersion>
                      <lastInChain>true</lastInChain>
                      <versionUuid>efd1cd3a-0068-4ae8-bfae-beaad248e503</versionUuid>
                    </version>
                    <workSettingBase>false</workSettingBase>
                    <streamComplexRunThreshold>1</streamComplexRunThreshold>
                    <streamTimeInterval>Immediately</streamTimeInterval>
                    <streamTimeIntervalValue>0</streamTimeIntervalValue>
                    <streamValueType>Tasks</streamValueType>
                    <requiresData>true</requiresData>
                  </campaign>
                  <deleted>false</deleted>
                  <lastModifiedAudit>
                    <lastModified>2023-03-21T20:44:31.577Z</lastModified>
                  </lastModifiedAudit>
                  <skipForSTPCalculation>false</skipForSTPCalculation>
                  <stepIndex>2</stepIndex>
                  <stepPosition>INTERMEDIATE</stepPosition>
                  <streamed>false</streamed>
                  <uuid>c2be5cad-6be8-4ca9-9a04-1099cdef0b3a</uuid>
                </campaignMap>
                <campaignMap>
                  <activateTracking>false</activateTracking>
                  <businessRule>
                    <content>package com.freedomoss.requester;

#list any import classes here.
import com.freedomoss.objective.model.CompositeRuleContext;
import com.freedomoss.objective.model.CompositeRuleDataItemContext;
import com.freedomoss.requester.model.AwsHitQuestionItem;
import com.freedomoss.requester.model.AwsHitQuestionAnswerItem;
import org.slf4j.Logger;
import java.util.Map;
import java.util.Iterator;
import java.util.List;
import java.util.Set;
import java.util.ArrayList;
import com.freedomoss.requester.dto.SubmissionResultDTO;

#declare any global variables here
global CompositeRuleContext source
global Logger log
global Map params



rule "Rule context initialization"
auto-focus true
no-loop
dialect "mvel"
agenda-group "initialization-group"
	when
		$ctx:CompositeRuleContext(initialized == false);
	then
		$ctx.updateWorkingMemory();
		# move to business rules
		$ctx.logExecutedRule(kcontext.getRule().getName());
		kcontext.getKnowledgeRuntime().getAgenda().getAgendaGroup("calculation").setFocus();
end</content>
                    <name>Business Process: End Rule</name>
                    <ruleType>WORKFLOW_RULE</ruleType>
                    <uuid>20b6191c-1d50-489c-b053-1b3895fbeb5g</uuid>
                    <workflowRuleMode>ADVANCED</workflowRuleMode>
                  </businessRule>
                  <campaign>
                    <active>false</active>
                    <businessRules/>
                    <campaignMaps/>
                    <campaigns/>
                    <createNewTrainingSet>false</createNewTrainingSet>
                    <executingType>MACHINE</executingType>
                    <includeOriginalData>false</includeOriginalData>
                    <machineConfig>
                      <answers/>
                      <content>&lt;?xml version="1.0" encoding="UTF-8"?&gt;
&lt;config charset="UTF-8"&gt;

    &lt;var-def name="exportType"&gt;
        &lt;case&gt;
            &lt;if condition='${sys.isVariableDefined("_sys_export_type")}'&gt;
                &lt;template&gt;${_sys_export_type}&lt;/template&gt;
            &lt;/if&gt;
        &lt;/case&gt;
    &lt;/var-def&gt;

    &lt;var-def name="exportColumns"&gt;
        &lt;case&gt;
            &lt;if condition='${sys.isVariableDefined("_sys_export_columns")}'&gt;
                &lt;template&gt;${_sys_export_columns}&lt;/template&gt;
            &lt;/if&gt;
            &lt;else&gt;&lt;/else&gt;
        &lt;/case&gt;
    &lt;/var-def&gt;

    &lt;var-def name="columnNameCase"&gt;
        &lt;case&gt;
            &lt;if condition='${sys.isVariableDefined("_sys_column_name_case")}'&gt;
                &lt;template&gt;${_sys_column_name_case}&lt;/template&gt;
            &lt;/if&gt;
            &lt;else&gt;keep&lt;/else&gt;
        &lt;/case&gt;
    &lt;/var-def&gt;

    &lt;var-def name="dataOnly"&gt;
        &lt;case&gt;
            &lt;if condition='${sys.isVariableDefined("_sys_data_only")}'&gt;
                &lt;template&gt;${_sys_data_only}&lt;/template&gt;
            &lt;/if&gt;
            &lt;else&gt;true&lt;/else&gt;
        &lt;/case&gt;
    &lt;/var-def&gt;

    &lt;var-def name="datastoreName"&gt;
        &lt;script return="item.getWrappedObject().getRun().getDatastoreName()" /&gt;
    &lt;/var-def&gt;
    &lt;case&gt;
        &lt;if condition="${!datastoreName.isEmpty()}"&gt;
            &lt;insert-datastore   datastore-name="${datastoreName}" create="true"&gt;
                &lt;script return="hit_submission_data_item.getWrappedObject().getItemValueMap()"/&gt;
            &lt;/insert-datastore&gt;
        &lt;/if&gt;
    &lt;/case&gt;

    &lt;export include-original-data="true"
            export-type="${exportType}"
            export-columns="${exportColumns}"
            column-name-case="${columnNameCase}"
            &gt;
    &lt;/export&gt;
&lt;/config&gt;</content>
                      <description>Default machine campaign for end step.</description>
                      <includedConfigs/>
                      <inclusionCode>9e5000e3-c243-42d3-b5ad-c6ac90dec35e</inclusionCode>
                      <machineWorkSetting>
                        <category>
                          <automation>false</automation>
                          <description/>
                          <enabled>true</enabled>
                          <executingType>MACHINE</executingType>
                          <name>Other</name>
                          <private>false</private>
                          <publicId>dd92f240-144b-4fef-8476-4ec0acbc1105</publicId>
                        </category>
                        <contentType>BLANK</contentType>
                        <description/>
                        <enabled>true</enabled>
                        <name>Miscellaneous Tasks</name>
                        <publicId>26e6e095-00bb-43fa-8c34-af0b18e71ac9</publicId>
                        <version>
                          <lastModified>2017-08-21T12:22:51Z</lastModified>
                          <componentUuid>26e6e095-00bb-43fa-8c34-af0b18e71ac9</componentUuid>
                          <incrementalVersion>1.0</incrementalVersion>
                          <lastInChain>true</lastInChain>
                          <versionUuid>26e6e095-00bb-43fa-8c34-af0b18e71ac9</versionUuid>
                        </version>
                        <answers/>
                        <machineWorkSettingType>BASIC</machineWorkSettingType>
                        <template>
                          <content>&lt;?xml version="1.0" encoding="UTF-8"?&gt;
&lt;config charset="UTF-8"&gt;
	&lt;export include-original-data="true"&gt;
	&lt;/export&gt;
&lt;/config&gt;</content>
                          <name>Blank</name>
                          <origination>CREATED_MANUALLY</origination>
                          <status>ACTIVE</status>
                          <type>BASE_MACHINE</type>
                          <uuid>8f04bd99-7f51-4796-a528-d1a7c9ccfbc4</uuid>
                          <version>
                            <lastModified>2012-12-27T00:00:00Z</lastModified>
                            <componentUuid>8f04bd99-7f51-4796-a528-d1a7c9ccfbc4</componentUuid>
                            <incrementalVersion>1.0</incrementalVersion>
                            <lastInChain>false</lastInChain>
                            <versionUuid>8f04bd99-7f51-4796-a528-d1a7c9ccfbc4</versionUuid>
                          </version>
                        </template>
                      </machineWorkSetting>
                      <name>Final Results</name>
                      <machineConfigOptions/>
                      <sourceType>MANUAL</sourceType>
                      <template>
                        <content>&lt;?xml version="1.0" encoding="UTF-8"?&gt;
&lt;config charset="UTF-8"&gt;
	&lt;export include-original-data="true"&gt;
	&lt;/export&gt;
&lt;/config&gt;</content>
                        <name>Blank</name>
                        <origination>CREATED_MANUALLY</origination>
                        <status>ACTIVE</status>
                        <type>BASE_MACHINE</type>
                        <uuid>8f04bd99-7f51-4796-a528-d1a7c9ccfbc4</uuid>
                        <version>
                          <lastModified>2012-12-27T00:00:00Z</lastModified>
                          <componentUuid>8f04bd99-7f51-4796-a528-d1a7c9ccfbc4</componentUuid>
                          <incrementalVersion>1.0</incrementalVersion>
                          <lastInChain>false</lastInChain>
                          <versionUuid>8f04bd99-7f51-4796-a528-d1a7c9ccfbc4</versionUuid>
                        </version>
                      </template>
                      <uuid>9e5000e3-c243-42d3-b5ad-c6ac90dec35e</uuid>
                      <version>
                        <lastModified>2017-08-21T12:37:14Z</lastModified>
                        <componentUuid>9e5000e3-c243-42d3-b5ad-c6ac90dec35e</componentUuid>
                        <incrementalVersion>1.0</incrementalVersion>
                        <lastInChain>true</lastInChain>
                        <versionUuid>bb1d2657-8693-11e7-be4e-06d2c080f20b</versionUuid>
                      </version>
                    </machineConfig>
                    <origination>CREATED_AUTOMATICALLY</origination>
                    <status>ACTIVE</status>
                    <title>Final Results</title>
                    <type>SINGLE</type>
                    <uuid>af4c8905-26dd-4120-b208-39ad3530ffc6</uuid>
                    <validWorkflow>false</validWorkflow>
                    <version>
                      <lastModified>2017-08-21T12:37:14Z</lastModified>
                      <componentUuid>9f6a0dc2-8693-11e7-be4e-06d2c080f20b</componentUuid>
                      <incrementalVersion>1.0</incrementalVersion>
                      <lastInChain>false</lastInChain>
                      <versionUuid>bb1d32d1-8693-11e7-be4e-06d2c080f20b</versionUuid>
                    </version>
                    <workSettingBase>false</workSettingBase>
                    <streamComplexRunThreshold>1</streamComplexRunThreshold>
                    <streamTimeInterval>Immediately</streamTimeInterval>
                    <streamTimeIntervalValue>0</streamTimeIntervalValue>
                    <streamValueType>Tasks</streamValueType>
                    <requiresData>true</requiresData>
                  </campaign>
                  <deleted>false</deleted>
                  <lastModifiedAudit>
                    <lastModified>2023-03-21T20:44:31.577Z</lastModified>
                  </lastModifiedAudit>
                  <skipForSTPCalculation>false</skipForSTPCalculation>
                  <stepIndex>3</stepIndex>
                  <stepPosition>END</stepPosition>
                  <streamed>false</streamed>
                  <uuid>4cad9a79-adde-488a-a36a-677e45ea20b8</uuid>
                </campaignMap>
              </campaignMaps>
              <campaigns/>
              <compositeStructureXml>&lt;mxGraphModel&gt;
  &lt;root&gt;
    &lt;mxCell id="0"/&gt;
    &lt;mxCell id="1" parent="0"/&gt;
    &lt;Start id="2" name="Start" type="start"&gt;
      &lt;mxCell parent="1" style="start" vertex="1"&gt;
        &lt;mxGeometry as="geometry" height="32.0" width="32.0" x="130.0" y="180.0"/&gt;
      &lt;/mxCell&gt;
    &lt;/Start&gt;
    &lt;End campaignMapUUID="4cad9a79-adde-488a-a36a-677e45ea20b8" id="3" name="Final Results" type="end"&gt;
      &lt;mxCell parent="1" style="end" vertex="1"&gt;
        &lt;mxGeometry as="geometry" height="32.0" width="32.0" x="770.0" y="180.0"/&gt;
      &lt;/mxCell&gt;
    &lt;/End&gt;
    &lt;MachineTask campaignMapUUID="686f1f78-8aa1-40d6-9738-5c212383d02a" id="6" isExcluded="false" label="" name="scrape-wellsfargo-locations-bcb v1.0 (scrap-location-details)" originalLabel="" startTrack="false" taskUUID="9bcf6962-6795-4124-9213-22674ace0206" type="machine_task"&gt;
      &lt;mxCell parent="1" style="machine_task" vertex="1"&gt;
        &lt;mxGeometry as="geometry" height="60.0" width="160.0" x="210.0" y="166.0"/&gt;
      &lt;/mxCell&gt;
    &lt;/MachineTask&gt;
    &lt;Link id="7" name="" type="link"&gt;
      &lt;mxCell edge="1" parent="1" source="2" style="link" target="6"&gt;
        &lt;mxGeometry as="geometry" relative="1" x="0.5" y="10.0"/&gt;
      &lt;/mxCell&gt;
    &lt;/Link&gt;
    &lt;MachineTask campaignMapUUID="c2be5cad-6be8-4ca9-9a04-1099cdef0b3a" id="10" isExcluded="false" label="" name="scrape-wellsfargo-locations-bcb v1.0 (send-email)" originalLabel="" startTrack="false" taskUUID="944871a9-fdae-4853-b189-a54f03e0c8a6" type="machine_task"&gt;
      &lt;mxCell parent="1" style="machine_task" vertex="1"&gt;
        &lt;mxGeometry as="geometry" height="60.0" width="160.0" x="560.0" y="166.0"/&gt;
      &lt;/mxCell&gt;
    &lt;/MachineTask&gt;
    &lt;Link id="12" name="" outcome="ApproveAll" outcomeId="ApproveAll" ruleUUID="00809924-8e43-4c86-c191-20701a6687b8" type="link"&gt;
      &lt;mxCell edge="1" parent="1" source="10" style="link" target="3"&gt;
        &lt;mxGeometry as="geometry" relative="1" x="0.5" y="10.0"/&gt;
      &lt;/mxCell&gt;
    &lt;/Link&gt;
    &lt;Rule id="22" name="Decision Rule" ruleUUID="0fc0c409-871a-4422-b5f1-5c3f55d6db27" type="rule"&gt;
      &lt;mxCell parent="1" style="rule" vertex="1"&gt;
        &lt;mxGeometry as="geometry" height="32.0" width="32.0" x="440.0" y="180.0"/&gt;
      &lt;/mxCell&gt;
    &lt;/Rule&gt;
    &lt;Link id="23" name="" type="link"&gt;
      &lt;mxCell edge="1" parent="1" source="6" style="link" target="22"&gt;
        &lt;mxGeometry as="geometry" relative="1" x="0.5" y="10.0"/&gt;
      &lt;/mxCell&gt;
    &lt;/Link&gt;
    &lt;Link conditional="true" id="24" label="outcome1" name="" outcomeId="outcome1" ruleUUID="0fc0c409-871a-4422-b5f1-5c3f55d6db27" type="link"&gt;
      &lt;mxCell edge="1" parent="1" source="22" style="link" target="3"&gt;
        &lt;mxGeometry as="geometry" relative="1" x="0.5" y="10.0"&gt;
          &lt;mxPoint as="targetPoint" x="510.0" y="500.0"/&gt;
          &lt;Array as="points"&gt;
            &lt;mxPoint x="456.0" y="120.0"/&gt;
            &lt;mxPoint x="786.0" y="120.0"/&gt;
          &lt;/Array&gt;
        &lt;/mxGeometry&gt;
      &lt;/mxCell&gt;
    &lt;/Link&gt;
    &lt;Link conditional="true" id="25" label="sendmail" name="" outcomeId="sendmail" ruleUUID="0fc0c409-871a-4422-b5f1-5c3f55d6db27" type="link"&gt;
      &lt;mxCell edge="1" parent="1" source="22" style="link" target="10"&gt;
        &lt;mxGeometry as="geometry"&gt;
          &lt;mxPoint as="targetPoint" x="450.0" y="370.0"/&gt;
          &lt;Array as="points"/&gt;
        &lt;/mxGeometry&gt;
      &lt;/mxCell&gt;
    &lt;/Link&gt;
  &lt;/root&gt;
&lt;/mxGraphModel&gt;</compositeStructureXml>
              <createNewTrainingSet>false</createNewTrainingSet>
              <description>Business Process description</description>
              <executingType>COMPOSITE</executingType>
              <includeOriginalData>false</includeOriginalData>
              <origination>CREATED_AUTOMATICALLY</origination>
              <status>ACTIVE</status>
              <title>[un-wellsfargo-locations v1.0] Assignment BP</title>
              <type>COMPOSITE</type>
              <uuid>27d0cf32-f875-4f55-ab2c-8a5fb7d07382</uuid>
              <validWorkflow>true</validWorkflow>
              <version>
                <lastModified>2023-03-21T20:44:31.577Z</lastModified>
                <componentUuid>8a9ca3c9-a812-47bb-9b06-5ae35b8ce376</componentUuid>
                <incrementalVersion>1.216</incrementalVersion>
                <lastInChain>true</lastInChain>
                <versionUuid>243855f6-a6cd-42c3-9f17-958c77917127</versionUuid>
              </version>
              <workSettingBase>false</workSettingBase>
              <streamComplexRunThreshold>1</streamComplexRunThreshold>
              <streamTimeInterval>Immediately</streamTimeInterval>
              <streamTimeIntervalValue>0</streamTimeIntervalValue>
              <streamValueType>Tasks</streamValueType>
              <requiresData>false</requiresData>
            </campaign>
            <description>
              <automationType>NONE</automationType>
              <maximumProcessingCount>0</maximumProcessingCount>
              <stepDescription>{}</stepDescription>
              <streamingValue>100</streamingValue>
              <streamingValueType>Percents</streamingValueType>
              <taskParams>{"values":{"NAME":"scrape-wellsfargo-locations-bcb v1.0 (scrap-location-details)"}}</taskParams>
              <uploadResultsType>CREATE</uploadResultsType>
              <goldRun>false</goldRun>
              <qualificationTraining>false</qualificationTraining>
            </description>
            <executingType>COMPOSITE</executingType>
            <forceComplete>false</forceComplete>
            <forceCompleteIdleTime>0</forceCompleteIdleTime>
            <forceCompletePercent>100</forceCompletePercent>
            <lastModified>2023-03-21T20:44:31.577Z</lastModified>
            <mainRows>1</mainRows>
            <purged>false</purged>
            <recordProcessingStatus>NOT_STARTED</recordProcessingStatus>
            <tags/>
            <title>[un-wellsfargo-locations v1.0] Assignment BP</title>
            <uuid>3d777146-6ad6-486c-9b0d-f77bb7b34a45</uuid>
            <runType>SIMPLE</runType>
          </run>
        </runs>
        <automationUseCases/>
        <automationInfo/>
      </project>
      <hashCode>273433717</hashCode>
    </objectContainer>
  </objects>
</objectListWrapper>
