<?xml version="1.0" encoding="UTF-8"?><objectListWrapper>
  <objects>
    <objectContainer>
      <project>
        <name>Invoice Aging Report BP</name>
        <description/>
        <author>admin</author>
        <runs>
          <run>
            <campaign>
              <active>true</active>
              <businessRules/>
              <campaignMaps>
                <campaignMap>
                  <activateTracking>false</activateTracking>
                  <businessRule>
                    <content>#RuleContext.APPROVE_ALL_RULE</content>
                    <name>Approve All</name>
                    <ruleType>WORKFLOW_RULE</ruleType>
                    <ruleTypeUI>Composite</ruleTypeUI>
                    <uuid>5ed6d4b1-1e72-4838-8eba-81388f87609e</uuid>
                    <workflowRuleMode>SIMPLE</workflowRuleMode>
                  </businessRule>
                  <campaign>
                    <active>true</active>
                    <businessRules/>
                    <campaignMaps/>
                    <campaigns/>
                    <createNewTrainingSet>false</createNewTrainingSet>
                    <executingType>MACHINE</executingType>
                    <includeOriginalData>false</includeOriginalData>
                    <machineConfig>
                      <answers/>
                      <content>&lt;?xml version="1.0" encoding="UTF-8"?&gt;
&lt;config xmlns="http://web-harvest.sourceforge.net/schema/1.0/config" scriptlang="groovy"&gt;

    &lt;robotics-flow-marker fleet="shared" /&gt;

    &lt;script&gt;&lt;![CDATA[
        import com.workfusion.odf2.core.Odf
        import com.workfusion.invoiceplane.task.DownloadReportAndEmailTask
        import com.workfusion.odf2.service.ControlTowerServicesModule
        import com.workfusion.invoiceplane.module.ServiceModule
        // after imports

        // before odf builder
        def odf = Odf.builder()
            .withInput(__taskInputMap.getWrappedObject())
            .withBinding(binding)
            .withModules(ControlTowerServicesModule)
.withModules(ServiceModule)
            // after modules
            .build()

        // after odf builder

        result = odf.runTask(DownloadReportAndEmailTask)

        // after runTask

        rows = result.getRows()
        columns = result.getColumns()

        // after all
    ]]&gt;&lt;/script&gt;

    &lt;case&gt;
        &lt;if condition="${result.isPresent()}"&gt;
            &lt;export include-original-data="false"&gt;
                &lt;multi-column list="${rows}" split-results="${rows.size() &gt; 1}"&gt;
                    &lt;loop item="columnName"&gt;
                        &lt;list&gt;
                            &lt;script return="columns"/&gt;
                        &lt;/list&gt;
                        &lt;body&gt;
                            &lt;put-to-column-getter name="${columnName}" property="${columnName}"/&gt;
                        &lt;/body&gt;
                    &lt;/loop&gt;
                &lt;/multi-column&gt;
            &lt;/export&gt;
        &lt;/if&gt;
    &lt;/case&gt;
&lt;/config&gt;</content>
                      <gavc>com.workfusion.invoiceplane:invoice-aging-report-bcb:1.0.0:main:download-report-and-email</gavc>
                      <includedConfigs/>
                      <inclusionCode>com.workfusion.invoiceplane:invoice-aging-report-bcb:1.0.0:main:download-report-and-email</inclusionCode>
                      <machineWorkSetting>
                        <category>
                          <automation>false</automation>
                          <description/>
                          <enabled>true</enabled>
                          <executingType>MACHINE</executingType>
                          <name>Other</name>
                          <private>false</private>
                          <publicId>dd92f240-144b-4fef-8476-4ec0acbc1105</publicId>
                        </category>
                        <contentType>BLANK</contentType>
                        <description/>
                        <enabled>true</enabled>
                        <name>Miscellaneous Tasks</name>
                        <publicId>26e6e095-00bb-43fa-8c34-af0b18e71ac9</publicId>
                        <version>
                          <lastModified>2017-08-21T12:22:51Z</lastModified>
                          <componentUuid>26e6e095-00bb-43fa-8c34-af0b18e71ac9</componentUuid>
                          <incrementalVersion>1.0</incrementalVersion>
                          <lastInChain>true</lastInChain>
                          <versionUuid>26e6e095-00bb-43fa-8c34-af0b18e71ac9</versionUuid>
                        </version>
                        <answers/>
                        <machineWorkSettingType>BASIC</machineWorkSettingType>
                        <template>
                          <content>&lt;?xml version="1.0" encoding="UTF-8"?&gt;
&lt;config charset="UTF-8"&gt;
	&lt;export include-original-data="true"&gt;
	&lt;/export&gt;
&lt;/config&gt;</content>
                          <name>Blank</name>
                          <origination>CREATED_MANUALLY</origination>
                          <status>ACTIVE</status>
                          <type>BASE_MACHINE</type>
                          <uuid>8f04bd99-7f51-4796-a528-d1a7c9ccfbc4</uuid>
                          <version>
                            <lastModified>2012-12-27T00:00:00Z</lastModified>
                            <componentUuid>8f04bd99-7f51-4796-a528-d1a7c9ccfbc4</componentUuid>
                            <incrementalVersion>1.0</incrementalVersion>
                            <lastInChain>false</lastInChain>
                            <versionUuid>8f04bd99-7f51-4796-a528-d1a7c9ccfbc4</versionUuid>
                          </version>
                        </template>
                      </machineWorkSetting>
                      <machineWorkSettingType>BASIC</machineWorkSettingType>
                      <name>invoice-aging-report-bcb v1.0.0 (download-report-and-email)</name>
                      <machineConfigOptions/>
                      <sourceType>BUNDLE</sourceType>
                      <template>
                        <content>&lt;?xml version="1.0" encoding="UTF-8"?&gt;
&lt;config charset="UTF-8"&gt;
	&lt;export include-original-data="true"&gt;
	&lt;/export&gt;
&lt;/config&gt;</content>
                        <name>Blank</name>
                        <origination>CREATED_MANUALLY</origination>
                        <status>ACTIVE</status>
                        <type>BASE_MACHINE</type>
                        <uuid>8f04bd99-7f51-4796-a528-d1a7c9ccfbc4</uuid>
                        <version>
                          <lastModified>2012-12-27T00:00:00Z</lastModified>
                          <componentUuid>8f04bd99-7f51-4796-a528-d1a7c9ccfbc4</componentUuid>
                          <incrementalVersion>1.0</incrementalVersion>
                          <lastInChain>false</lastInChain>
                          <versionUuid>8f04bd99-7f51-4796-a528-d1a7c9ccfbc4</versionUuid>
                        </version>
                      </template>
                      <uuid>5c17d7a4-728b-49c1-af73-746d850b4900</uuid>
                      <version>
                        <lastModified>2023-03-22T10:30:04.320Z</lastModified>
                        <componentUuid>9e87afab-1d35-421e-bd2a-26ed1449277f</componentUuid>
                        <incrementalVersion>1.0</incrementalVersion>
                        <lastInChain>true</lastInChain>
                        <versionUuid>d1aa691b-7960-4d34-baac-b989c58b455b</versionUuid>
                      </version>
                    </machineConfig>
                    <origination>CREATED_AUTOMATICALLY</origination>
                    <status>ACTIVE</status>
                    <title>invoice-aging-report-bcb v1.0.0 (download-report-and-email)</title>
                    <type>SINGLE</type>
                    <uuid>dc9c1762-cf39-4c6f-9749-a3e2a13f6b17</uuid>
                    <validWorkflow>false</validWorkflow>
                    <version>
                      <lastModified>2023-03-22T10:30:04.340Z</lastModified>
                      <componentUuid>078a66d2-37f4-4be0-a0b4-c561ebe722a5</componentUuid>
                      <incrementalVersion>1.0</incrementalVersion>
                      <lastInChain>true</lastInChain>
                      <versionUuid>d4379145-3db0-459e-9512-acf6876dab98</versionUuid>
                    </version>
                    <workSettingBase>false</workSettingBase>
                    <streamComplexRunThreshold>1</streamComplexRunThreshold>
                    <streamTimeInterval>Immediately</streamTimeInterval>
                    <streamTimeIntervalValue>0</streamTimeIntervalValue>
                    <streamValueType>Tasks</streamValueType>
                    <requiresData>true</requiresData>
                  </campaign>
                  <deleted>false</deleted>
                  <lastModifiedAudit>
                    <lastModified>2023-03-22T10:34:59.141Z</lastModified>
                  </lastModifiedAudit>
                  <skipForSTPCalculation>false</skipForSTPCalculation>
                  <stepIndex>1</stepIndex>
                  <stepPosition>START</stepPosition>
                  <streamed>false</streamed>
                  <uuid>aeba95b5-fc4d-4b21-d70d-7ea99d293311</uuid>
                </campaignMap>
                <campaignMap>
                  <activateTracking>false</activateTracking>
                  <businessRule>
                    <content>package com.freedomoss.requester;

#list any import classes here.
import com.freedomoss.objective.model.CompositeRuleContext;
import com.freedomoss.objective.model.CompositeRuleDataItemContext;
import com.freedomoss.requester.model.AwsHitQuestionItem;
import com.freedomoss.requester.model.AwsHitQuestionAnswerItem;
import org.slf4j.Logger;
import java.util.Map;
import java.util.Iterator;
import java.util.List;
import java.util.Set;
import java.util.ArrayList;
import com.freedomoss.requester.dto.SubmissionResultDTO;

#declare any global variables here
global CompositeRuleContext source
global Logger log
global Map params



rule "Rule context initialization"
auto-focus true
no-loop
dialect "mvel"
agenda-group "initialization-group"
	when
		$ctx:CompositeRuleContext(initialized == false);
	then
		$ctx.updateWorkingMemory();
		# move to business rules
		$ctx.logExecutedRule(kcontext.getRule().getName());
		kcontext.getKnowledgeRuntime().getAgenda().getAgendaGroup("calculation").setFocus();
end</content>
                    <name>Business Process: End Rule</name>
                    <ruleType>WORKFLOW_RULE</ruleType>
                    <uuid>20b6191c-1d50-489c-b053-1b3895fbeb5g</uuid>
                    <workflowRuleMode>ADVANCED</workflowRuleMode>
                  </businessRule>
                  <campaign>
                    <active>false</active>
                    <businessRules/>
                    <campaignMaps/>
                    <campaigns/>
                    <createNewTrainingSet>false</createNewTrainingSet>
                    <executingType>MACHINE</executingType>
                    <includeOriginalData>false</includeOriginalData>
                    <machineConfig>
                      <answers/>
                      <content>&lt;?xml version="1.0" encoding="UTF-8"?&gt;
&lt;config charset="UTF-8"&gt;

    &lt;var-def name="exportType"&gt;
        &lt;case&gt;
            &lt;if condition='${sys.isVariableDefined("_sys_export_type")}'&gt;
                &lt;template&gt;${_sys_export_type}&lt;/template&gt;
            &lt;/if&gt;
        &lt;/case&gt;
    &lt;/var-def&gt;

    &lt;var-def name="exportColumns"&gt;
        &lt;case&gt;
            &lt;if condition='${sys.isVariableDefined("_sys_export_columns")}'&gt;
                &lt;template&gt;${_sys_export_columns}&lt;/template&gt;
            &lt;/if&gt;
            &lt;else&gt;&lt;/else&gt;
        &lt;/case&gt;
    &lt;/var-def&gt;

    &lt;var-def name="columnNameCase"&gt;
        &lt;case&gt;
            &lt;if condition='${sys.isVariableDefined("_sys_column_name_case")}'&gt;
                &lt;template&gt;${_sys_column_name_case}&lt;/template&gt;
            &lt;/if&gt;
            &lt;else&gt;keep&lt;/else&gt;
        &lt;/case&gt;
    &lt;/var-def&gt;

    &lt;var-def name="dataOnly"&gt;
        &lt;case&gt;
            &lt;if condition='${sys.isVariableDefined("_sys_data_only")}'&gt;
                &lt;template&gt;${_sys_data_only}&lt;/template&gt;
            &lt;/if&gt;
            &lt;else&gt;true&lt;/else&gt;
        &lt;/case&gt;
    &lt;/var-def&gt;

    &lt;var-def name="datastoreName"&gt;
        &lt;script return="item.getWrappedObject().getRun().getDatastoreName()" /&gt;
    &lt;/var-def&gt;
    &lt;case&gt;
        &lt;if condition="${!datastoreName.isEmpty()}"&gt;
            &lt;insert-datastore   datastore-name="${datastoreName}" create="true"&gt;
                &lt;script return="hit_submission_data_item.getWrappedObject().getItemValueMap()"/&gt;
            &lt;/insert-datastore&gt;
        &lt;/if&gt;
    &lt;/case&gt;

    &lt;export include-original-data="true"
            export-type="${exportType}"
            export-columns="${exportColumns}"
            column-name-case="${columnNameCase}"
            &gt;
    &lt;/export&gt;
&lt;/config&gt;</content>
                      <description>Default machine campaign for end step.</description>
                      <includedConfigs/>
                      <inclusionCode>9e5000e3-c243-42d3-b5ad-c6ac90dec35e</inclusionCode>
                      <machineWorkSetting>
                        <category>
                          <automation>false</automation>
                          <description/>
                          <enabled>true</enabled>
                          <executingType>MACHINE</executingType>
                          <name>Other</name>
                          <private>false</private>
                          <publicId>dd92f240-144b-4fef-8476-4ec0acbc1105</publicId>
                        </category>
                        <contentType>BLANK</contentType>
                        <description/>
                        <enabled>true</enabled>
                        <name>Miscellaneous Tasks</name>
                        <publicId>26e6e095-00bb-43fa-8c34-af0b18e71ac9</publicId>
                        <version>
                          <lastModified>2017-08-21T12:22:51Z</lastModified>
                          <componentUuid>26e6e095-00bb-43fa-8c34-af0b18e71ac9</componentUuid>
                          <incrementalVersion>1.0</incrementalVersion>
                          <lastInChain>true</lastInChain>
                          <versionUuid>26e6e095-00bb-43fa-8c34-af0b18e71ac9</versionUuid>
                        </version>
                        <answers/>
                        <machineWorkSettingType>BASIC</machineWorkSettingType>
                        <template>
                          <content>&lt;?xml version="1.0" encoding="UTF-8"?&gt;
&lt;config charset="UTF-8"&gt;
	&lt;export include-original-data="true"&gt;
	&lt;/export&gt;
&lt;/config&gt;</content>
                          <name>Blank</name>
                          <origination>CREATED_MANUALLY</origination>
                          <status>ACTIVE</status>
                          <type>BASE_MACHINE</type>
                          <uuid>8f04bd99-7f51-4796-a528-d1a7c9ccfbc4</uuid>
                          <version>
                            <lastModified>2012-12-27T00:00:00Z</lastModified>
                            <componentUuid>8f04bd99-7f51-4796-a528-d1a7c9ccfbc4</componentUuid>
                            <incrementalVersion>1.0</incrementalVersion>
                            <lastInChain>false</lastInChain>
                            <versionUuid>8f04bd99-7f51-4796-a528-d1a7c9ccfbc4</versionUuid>
                          </version>
                        </template>
                      </machineWorkSetting>
                      <name>Final Results</name>
                      <machineConfigOptions/>
                      <sourceType>MANUAL</sourceType>
                      <template>
                        <content>&lt;?xml version="1.0" encoding="UTF-8"?&gt;
&lt;config charset="UTF-8"&gt;
	&lt;export include-original-data="true"&gt;
	&lt;/export&gt;
&lt;/config&gt;</content>
                        <name>Blank</name>
                        <origination>CREATED_MANUALLY</origination>
                        <status>ACTIVE</status>
                        <type>BASE_MACHINE</type>
                        <uuid>8f04bd99-7f51-4796-a528-d1a7c9ccfbc4</uuid>
                        <version>
                          <lastModified>2012-12-27T00:00:00Z</lastModified>
                          <componentUuid>8f04bd99-7f51-4796-a528-d1a7c9ccfbc4</componentUuid>
                          <incrementalVersion>1.0</incrementalVersion>
                          <lastInChain>false</lastInChain>
                          <versionUuid>8f04bd99-7f51-4796-a528-d1a7c9ccfbc4</versionUuid>
                        </version>
                      </template>
                      <uuid>9e5000e3-c243-42d3-b5ad-c6ac90dec35e</uuid>
                      <version>
                        <lastModified>2017-08-21T12:37:14Z</lastModified>
                        <componentUuid>9e5000e3-c243-42d3-b5ad-c6ac90dec35e</componentUuid>
                        <incrementalVersion>1.0</incrementalVersion>
                        <lastInChain>true</lastInChain>
                        <versionUuid>bb1d2657-8693-11e7-be4e-06d2c080f20b</versionUuid>
                      </version>
                    </machineConfig>
                    <origination>CREATED_AUTOMATICALLY</origination>
                    <status>ACTIVE</status>
                    <title>Final Results</title>
                    <type>SINGLE</type>
                    <uuid>af4c8905-26dd-4120-b208-39ad3530ffc6</uuid>
                    <validWorkflow>false</validWorkflow>
                    <version>
                      <lastModified>2017-08-21T12:37:14Z</lastModified>
                      <componentUuid>9f6a0dc2-8693-11e7-be4e-06d2c080f20b</componentUuid>
                      <incrementalVersion>1.0</incrementalVersion>
                      <lastInChain>false</lastInChain>
                      <versionUuid>bb1d32d1-8693-11e7-be4e-06d2c080f20b</versionUuid>
                    </version>
                    <workSettingBase>false</workSettingBase>
                    <streamComplexRunThreshold>1</streamComplexRunThreshold>
                    <streamTimeInterval>Immediately</streamTimeInterval>
                    <streamTimeIntervalValue>0</streamTimeIntervalValue>
                    <streamValueType>Tasks</streamValueType>
                    <requiresData>true</requiresData>
                  </campaign>
                  <deleted>false</deleted>
                  <lastModifiedAudit>
                    <lastModified>2023-03-22T10:34:59.141Z</lastModified>
                  </lastModifiedAudit>
                  <skipForSTPCalculation>false</skipForSTPCalculation>
                  <stepIndex>2</stepIndex>
                  <stepPosition>END</stepPosition>
                  <streamed>false</streamed>
                  <uuid>fa2cbe6c-410d-48a5-b2e0-ce9788ef053a</uuid>
                </campaignMap>
              </campaignMaps>
              <campaigns/>
              <compositeStructureXml>&lt;mxGraphModel&gt;
  &lt;root&gt;
    &lt;mxCell id="0"/&gt;
    &lt;mxCell id="1" parent="0"/&gt;
    &lt;MachineTask campaignMapUUID="aeba95b5-fc4d-4b21-d70d-7ea99d293311" id="2" name="invoice-aging-report-bcb v1.0.0 (download-report-and-email)" taskUUID="dc9c1762-cf39-4c6f-9749-a3e2a13f6b17" type="machine_task"&gt;
      &lt;mxCell parent="1" style="machine_task" vertex="1"&gt;
        &lt;mxGeometry as="geometry" height="60.0" width="160.0" x="359.0" y="244.0"/&gt;
      &lt;/mxCell&gt;
    &lt;/MachineTask&gt;
    &lt;Start id="3" name="Start" type="start"&gt;
      &lt;mxCell parent="1" style="start" vertex="1"&gt;
        &lt;mxGeometry as="geometry" height="32.0" width="32.0" x="190.0" y="258.0"/&gt;
      &lt;/mxCell&gt;
    &lt;/Start&gt;
    &lt;End campaignMapUUID="fa2cbe6c-410d-48a5-b2e0-ce9788ef053a" id="4" name="End" type="end"&gt;
      &lt;mxCell parent="1" style="end" vertex="1"&gt;
        &lt;mxGeometry as="geometry" height="32.0" width="32.0" x="660.0" y="258.0"/&gt;
      &lt;/mxCell&gt;
    &lt;/End&gt;
    &lt;Link id="5" name="" type="link"&gt;
      &lt;mxCell edge="1" parent="1" source="3" style="link" target="2"&gt;
        &lt;mxGeometry as="geometry" relative="1" x="0.5" y="10.0"/&gt;
      &lt;/mxCell&gt;
    &lt;/Link&gt;
    &lt;Link id="6" name="" outcome="ApproveAll" outcomeId="ApproveAll" ruleUUID="5ed6d4b1-1e72-4838-8eba-81388f87609e" type="link"&gt;
      &lt;mxCell edge="1" parent="1" source="2" style="link" target="4"&gt;
        &lt;mxGeometry as="geometry" relative="1" x="0.5" y="10.0"/&gt;
      &lt;/mxCell&gt;
    &lt;/Link&gt;
  &lt;/root&gt;
&lt;/mxGraphModel&gt;</compositeStructureXml>
              <createNewTrainingSet>false</createNewTrainingSet>
              <description>Business Process description</description>
              <executingType>COMPOSITE</executingType>
              <includeOriginalData>false</includeOriginalData>
              <origination>CREATED_AUTOMATICALLY</origination>
              <status>ACTIVE</status>
              <title>Invoice Aging Report BP </title>
              <type>COMPOSITE</type>
              <uuid>3d2a16ba-6b60-4c79-8467-5312985c5016</uuid>
              <validWorkflow>true</validWorkflow>
              <version>
                <lastModified>2023-03-22T10:34:59.140Z</lastModified>
                <componentUuid>44565d0a-a739-499b-86d6-c04c695acd16</componentUuid>
                <incrementalVersion>1.24</incrementalVersion>
                <lastInChain>true</lastInChain>
                <versionUuid>f91a8f39-94a3-4069-ae65-f9d0bd0c3164</versionUuid>
              </version>
              <workSettingBase>false</workSettingBase>
              <streamComplexRunThreshold>1</streamComplexRunThreshold>
              <streamTimeInterval>Immediately</streamTimeInterval>
              <streamTimeIntervalValue>0</streamTimeIntervalValue>
              <streamValueType>Tasks</streamValueType>
              <requiresData>false</requiresData>
            </campaign>
            <description>
              <automationType>NONE</automationType>
              <snapshotType>CSV</snapshotType>
              <streamingValue>1</streamingValue>
              <streamingValueType>Tasks</streamingValueType>
              <taskParams>{"values":{"NAME":"invoice-aging-report-bcb v1.0.0 (download-report-and-email)"}}</taskParams>
              <uploadResultsType>CREATE</uploadResultsType>
              <goldRun>false</goldRun>
              <qualificationTraining>false</qualificationTraining>
            </description>
            <executingType>MACHINE</executingType>
            <forceComplete>false</forceComplete>
            <forceCompleteIdleTime>0</forceCompleteIdleTime>
            <forceCompletePercent>100</forceCompletePercent>
            <lastModified>2023-03-22T10:36:17.600Z</lastModified>
            <mainRows>1</mainRows>
            <purged>false</purged>
            <recordProcessingStatus>COMPLETED</recordProcessingStatus>
            <recursiveCount>1</recursiveCount>
            <rootRunUUID>d942f665-7fc8-4784-8b20-1d7c7f513ff1</rootRunUUID>
            <tags/>
            <title>invoice-aging-report-bcb v1.0.0 (download-report-and-email)</title>
            <uuid>d942f665-7fc8-4784-8b20-1d7c7f513ff1</uuid>
            <runType>SIMPLE</runType>
          </run>
        </runs>
        <automationUseCases/>
        <automationInfo/>
      </project>
      <hashCode>627812922</hashCode>
    </objectContainer>
  </objects>
</objectListWrapper>
